early-hints/bigquery/early-hints-dashboard-info.sql	94674
early-hints/bigquery/early-hints-preconnect.sql	94671
early-hints/bigquery/early-hints-v1.sql	94296
early-hints/bigquery/early-hints-v2-cdf.sql	92826
early-hints/bigquery/early-hints-v2/cdf.sql	94451
early-hints/bigquery/early-hints-v2/request_count.sql	94315
early-hints/bigquery/early-hints-v2.sql	94297
early-hints/bigquery/early-hints-v2/user_count.sql	94302
early-hints/bigquery/experiment-data.sql	93053
early-hints/bigquery/early-hints-preload.sql	96816
bounce-tracking-protection/enabled.sql	100094
bounce-tracking-protection/purge-timing.sql	100095
bounce-tracking-protection/purge-count.sql	100096
bounce-tracking-protection/url-classified.sql	100097
bounce-tracking-protection/enabled-v2.sql	100098
