rank,domain
167,sourceforge.net
178,ring.com
210,wixsite.com
234,fraiche.com.mx
245,wix.com
332,fiverr.com
335,ozon.ru
402,webmd.com
414,addtoany.com
471,missav.com
475,tandfonline.com
940,workers.dev
1108,pnas.org
1385,fool.com
1843,coingecko.com
2540,getyourguide.com
2614,padlet.com
2688,atlasobscura.com
3254,linkvertise.com
3459,medicinenet.com
3813,vseinstrumenti.ru
3909,pages.dev
4169,yoast.com
4971,tagesspiegel.de
5019,whiterabbitpress.com
5188,myfonts.com
5235,august.com
5459,termsfeed.com
5595,geekwire.com
5758,oneindia.com
5953,plurk.com
5957,animenewsnetwork.com
6173,mattel.com
6358,freeprivacypolicy.com
6984,limestart.cn
7100,thredup.com
7186,sf.net
7955,clutch.co
8237,hotukdeals.com
8849,harley-davidson.com
8918,deltamath.com
8954,mediamarkt.de
9208,filmibeat.com
9383,ssstik.io
9451,privacypolicies.com
9954,rxlist.com
9963,tecnoblog.net
10264,nixplay.com
10461,filmfreeway.com
10482,zone.ee
10572,wyzecam.com
10634,jbhifi.com.au
10768,moonfruit.com
10779,wyze.com
10856,uniswap.org
11330,sourceforge.io
11487,mobygames.com
11632,vestiairecollective.com
11865,yugalabs.io
12670,nanit.com
12802,contabo.com
13366,gymshark.com
13552,geappliances.com
13558,fashionnova.com
13694,wildtangent.com
13807,unikrn.com
13832,camelcamelcamel.com
14369,mumsnet.com
14372,israelnationalnews.com
14917,getapp.com
15311,rawpixel.com
15582,zwift.com
16101,emedicinehealth.com
16343,hunter.io
16405,hearthis.at
16713,chollometro.com
17374,goodreturns.in
17534,boldapps.net
17934,pagefly.io
17959,yuga.com
18282,saturn.de
18462,neobux.com
18540,promodescuentos.com
18561,fiercehealthcare.com
18834,raindrop.io
19079,fiercepharma.com
19173,hothardware.com
19419,walletconnect.org
19426,thule.com
19589,the7.io
20143,skims.com
21686,pepper.pl
21699,scienceofpeople.com
21783,internet-measurement.com
21976,eufylife.com
22331,mydealz.de
22375,stablediffusionweb.com
22393,staples.ca
22421,glossier.com
22728,adultdvdtalk.com
22796,brilliant.tech
22896,prosettings.net
